debt_label,high_stress_group,count,percent
No,0,1474,63.589301121656604
No,1,844,36.4106988783434
Other,0,12,75.0
Other,1,4,25.0
Prefer not to say,0,20,80.0
Prefer not to say,1,5,20.0
Unsure,0,207,59.48275862068966
Unsure,1,141,40.51724137931034
Yes,0,345,63.30275229357798
Yes,1,200,36.69724770642202
