bully_label,high_stress_percent,high_stress_count,total_count
No,32.271844660194176,831,2575
Prefer not to say,42.2680412371134,41,97
Yes,55.749128919860624,320,574
