debt_label,high_stress_percent,high_stress_count,total_count
No,36.4106988783434,844,2318
Other,25.0,4,16
Prefer not to say,20.0,5,25
Unsure,40.51724137931034,141,348
Yes,36.69724770642202,200,545
