change_label,high_stress_percent,high_stress_count,total_count
Improved,25.428571428571427,267,1050
Stayed the same,26.842105263157894,153,570
Worsened,47.42647058823529,774,1632
