high_stress_group,count,percent
0,2059,63.29541961266523
1,1194,36.704580387334765
